id,recipe_number,recipe_name,short_name,station,menu_portion_size,menu_portion_weight_g,gtin,sell_price,kcal_per_100g,color,kcal,fat_g,carbohydrates_g,total_sugars_g,protein_g,nutrition_summary,embedding_text
food_4539_886721033462,4539,"HC Garlicbread Sticks, 1.75 oz",Garlic Sticks,Main Dish- Side,1 each,49.612,886721033462,1.11,349.9979844,ORANGE,173.641,8.24,20.698,1.831,4.148,"Kcal/100g: 349.9979844, Kcal: 173.641, Fat (g): 8.24, Carbohydrates (g): 20.698, Sugars (g): 1.831, Protein (g): 4.148","Recipe HC Garlicbread Sticks, 1.75 oz. Short name Garlic Sticks. Station Main Dish- Side. Portion 1 each with weight 49.612 grams. Sell price 1.11 dollars. Color tag ORANGE. Kcal/100g: 349.9979844, Kcal: 173.641, Fat (g): 8.24, Carbohydrates (g): 20.698, Sugars (g): 1.831, Protein (g): 4.148."
food_86902_886721830252,86902,EUR: Korean Broccoli,korean broccoli,Asian- Side,1 cup,280.747,886721830252,1.93,110.6615565,GREEN,310.679,23.247,23.019,9.295,7.61,"Kcal/100g: 110.6615565, Kcal: 310.679, Fat (g): 23.247, Carbohydrates (g): 23.019, Sugars (g): 9.295, Protein (g): 7.61","Recipe EUR: Korean Broccoli. Short name korean broccoli. Station Asian- Side. Portion 1 cup with weight 280.747 grams. Sell price 1.93 dollars. Color tag GREEN. Kcal/100g: 110.6615565, Kcal: 310.679, Fat (g): 23.247, Carbohydrates (g): 23.019, Sugars (g): 9.295, Protein (g): 7.61."
food_16881_886721078951,16881,HC Sauteed Swiss Chard,Swiss Chard,Main Dish- Sides,1 cup,273.011,886721078951,1.98,23.71039995,GREEN,64.732,2.621,9.664,3.319,2.831,"Kcal/100g: 23.71039995, Kcal: 64.732, Fat (g): 2.621, Carbohydrates (g): 9.664, Sugars (g): 3.319, Protein (g): 2.831","Recipe HC Sauteed Swiss Chard. Short name Swiss Chard. Station Main Dish- Sides. Portion 1 cup with weight 273.011 grams. Sell price 1.98 dollars. Color tag GREEN. Kcal/100g: 23.71039995, Kcal: 64.732, Fat (g): 2.621, Carbohydrates (g): 9.664, Sugars (g): 3.319, Protein (g): 2.831."
food_8122_2_886721091431,8122.2,EUR: Roasted Zucchini,roasted zucchini,Main Dish- Sides,1 cup,175.289,886721091431,1.98,31.38245982,GREEN,55.01,3.458,5.364,4.309,2.086,"Kcal/100g: 31.38245982, Kcal: 55.01, Fat (g): 3.458, Carbohydrates (g): 5.364, Sugars (g): 4.309, Protein (g): 2.086","Recipe EUR: Roasted Zucchini. Short name roasted zucchini. Station Main Dish- Sides. Portion 1 cup with weight 175.289 grams. Sell price 1.98 dollars. Color tag GREEN. Kcal/100g: 31.38245982, Kcal: 55.01, Fat (g): 3.458, Carbohydrates (g): 5.364, Sugars (g): 4.309, Protein (g): 2.086."
food_1829_3_886721463672,1829.3,HC Seasoned Braised Cabbage,Braised Cabbage,Main Dish- Sides,1 cup,332.044,886721463672,1.98,34.94024888,GREEN,116.017,4.939,17.386,8.979,3.413,"Kcal/100g: 34.94024888, Kcal: 116.017, Fat (g): 4.939, Carbohydrates (g): 17.386, Sugars (g): 8.979, Protein (g): 3.413","Recipe HC Seasoned Braised Cabbage. Short name Braised Cabbage. Station Main Dish- Sides. Portion 1 cup with weight 332.044 grams. Sell price 1.98 dollars. Color tag GREEN. Kcal/100g: 34.94024888, Kcal: 116.017, Fat (g): 4.939, Carbohydrates (g): 17.386, Sugars (g): 8.979, Protein (g): 3.413."
food_9002_1_886721090830,9002.1,EUR: Steamed Green Beans,steamed green beans,Main Dish- Sides,1 cup,181.768,886721090830,1.98,34.99515866,GREEN,63.61,0.509,14.325,6.586,3.434,"Kcal/100g: 34.99515866, Kcal: 63.61, Fat (g): 0.509, Carbohydrates (g): 14.325, Sugars (g): 6.586, Protein (g): 3.434","Recipe EUR: Steamed Green Beans. Short name steamed green beans. Station Main Dish- Sides. Portion 1 cup with weight 181.768 grams. Sell price 1.98 dollars. Color tag GREEN. Kcal/100g: 34.99515866, Kcal: 63.61, Fat (g): 0.509, Carbohydrates (g): 14.325, Sugars (g): 6.586, Protein (g): 3.434."
food_1829_886721047032,1829,HC Seasoned Braised Cabbage,Braised Cabbage,Main Dish- Sides,1 cup,330.744,886721047032,1.98,35.42135307,GREEN,117.154,4.953,17.661,8.969,3.466,"Kcal/100g: 35.42135307, Kcal: 117.154, Fat (g): 4.953, Carbohydrates (g): 17.661, Sugars (g): 8.969, Protein (g): 3.466","Recipe HC Seasoned Braised Cabbage. Short name Braised Cabbage. Station Main Dish- Sides. Portion 1 cup with weight 330.744 grams. Sell price 1.98 dollars. Color tag GREEN. Kcal/100g: 35.42135307, Kcal: 117.154, Fat (g): 4.953, Carbohydrates (g): 17.661, Sugars (g): 8.969, Protein (g): 3.466."
food_8122_12_194306015032,8122.12,HC Roasted Yellow Squash,Roasted Yellow Squash,Main Dish- Sides,1 cup,187.146,194306015032,1.98,39.47292488,GREEN,73.872,4.861,7.258,5.228,1.868,"Kcal/100g: 39.47292488, Kcal: 73.872, Fat (g): 4.861, Carbohydrates (g): 7.258, Sugars (g): 5.228, Protein (g): 1.868","Recipe HC Roasted Yellow Squash. Short name Roasted Yellow Squash. Station Main Dish- Sides. Portion 1 cup with weight 187.146 grams. Sell price 1.98 dollars. Color tag GREEN. Kcal/100g: 39.47292488, Kcal: 73.872, Fat (g): 4.861, Carbohydrates (g): 7.258, Sugars (g): 5.228, Protein (g): 1.868."
food_1016_8_886721390985,1016.8,Canteen BMW: Roasted Summer Squash with Onion & Basil,roasted summer squash medley,Main Dish- Sides,1 cup,212.788,886721390985,1.98,40.74477884,GREEN,86.7,5.095,9.642,6.184,2.384,"Kcal/100g: 40.74477884, Kcal: 86.7, Fat (g): 5.095, Carbohydrates (g): 9.642, Sugars (g): 6.184, Protein (g): 2.384","Recipe Canteen BMW: Roasted Summer Squash with Onion & Basil. Short name roasted summer squash medley. Station Main Dish- Sides. Portion 1 cup with weight 212.788 grams. Sell price 1.98 dollars. Color tag GREEN. Kcal/100g: 40.74477884, Kcal: 86.7, Fat (g): 5.095, Carbohydrates (g): 9.642, Sugars (g): 6.184, Protein (g): 2.384."
food_67376_886721494669,67376,Earth Table: Ratatouille,Ratatouille,Main Dish- Sides,1 cup,389.223,886721494669,1.98,43.17473531,GREEN,168.046,9.848,19.589,11.379,3.718,"Kcal/100g: 43.17473531, Kcal: 168.046, Fat (g): 9.848, Carbohydrates (g): 19.589, Sugars (g): 11.379, Protein (g): 3.718","Recipe Earth Table: Ratatouille. Short name Ratatouille. Station Main Dish- Sides. Portion 1 cup with weight 389.223 grams. Sell price 1.98 dollars. Color tag GREEN. Kcal/100g: 43.17473531, Kcal: 168.046, Fat (g): 9.848, Carbohydrates (g): 19.589, Sugars (g): 11.379, Protein (g): 3.718."
food_25735_1_886721121411,25735.1,Whole+Sum100: Sauteed Fresh Green Beans,Sauteed Fresh Green Beans,Main Dish- Sides,1 cup,137.245,886721121411,1.98,47.26948158,GREEN,64.875,1.879,11.642,5.28,2.646,"Kcal/100g: 47.26948158, Kcal: 64.875, Fat (g): 1.879, Carbohydrates (g): 11.642, Sugars (g): 5.28, Protein (g): 2.646","Recipe Whole+Sum100: Sauteed Fresh Green Beans. Short name Sauteed Fresh Green Beans. Station Main Dish- Sides. Portion 1 cup with weight 137.245 grams. Sell price 1.98 dollars. Color tag GREEN. Kcal/100g: 47.26948158, Kcal: 64.875, Fat (g): 1.879, Carbohydrates (g): 11.642, Sugars (g): 5.28, Protein (g): 2.646."
food_5856_3_886721391227,5856.3,Canteen BMW: Vegetable Medley with Turnips,Fresh Vegetable Medley,Main Dish- Sides,1 cup,232.931,886721391227,1.98,47.61753481,GREEN,110.916,5.531,13.848,6.502,4.246,"Kcal/100g: 47.61753481, Kcal: 110.916, Fat (g): 5.531, Carbohydrates (g): 13.848, Sugars (g): 6.502, Protein (g): 4.246","Recipe Canteen BMW: Vegetable Medley with Turnips. Short name Fresh Vegetable Medley. Station Main Dish- Sides. Portion 1 cup with weight 232.931 grams. Sell price 1.98 dollars. Color tag GREEN. Kcal/100g: 47.61753481, Kcal: 110.916, Fat (g): 5.531, Carbohydrates (g): 13.848, Sugars (g): 6.502, Protein (g): 4.246."
food_22288_3_886721415435,22288.3,Canteen BMW: Beef Barley Vegetable Soup,Beef Barley Soup,Main Dish- Sides,16 floz,467.962,886721415435,1.98,48.8216992,GREEN,228.467,6.145,33.911,4.063,10.47,"Kcal/100g: 48.8216992, Kcal: 228.467, Fat (g): 6.145, Carbohydrates (g): 33.911, Sugars (g): 4.063, Protein (g): 10.47","Recipe Canteen BMW: Beef Barley Vegetable Soup. Short name Beef Barley Soup. Station Main Dish- Sides. Portion 16 floz with weight 467.962 grams. Sell price 1.98 dollars. Color tag GREEN. Kcal/100g: 48.8216992, Kcal: 228.467, Fat (g): 6.145, Carbohydrates (g): 33.911, Sugars (g): 4.063, Protein (g): 10.47."
food_21447_886721098928,21447,HC Summer Succotash,Summer Succotash,Main Dish- Sides,1 cup,156.958,886721098928,1.98,51.45070656,GREEN,80.756,2.18,13.913,4.162,2.973,"Kcal/100g: 51.45070656, Kcal: 80.756, Fat (g): 2.18, Carbohydrates (g): 13.913, Sugars (g): 4.162, Protein (g): 2.973","Recipe HC Summer Succotash. Short name Summer Succotash. Station Main Dish- Sides. Portion 1 cup with weight 156.958 grams. Sell price 1.98 dollars. Color tag GREEN. Kcal/100g: 51.45070656, Kcal: 80.756, Fat (g): 2.18, Carbohydrates (g): 13.913, Sugars (g): 4.162, Protein (g): 2.973."
food_124215_194306155820,124215,EUR: Garlic Grilled Summer Squash,grilled summer squash,Main Dish- Sides,1 cup,291.02,194306155820,1.98,52.89224108,GREEN,153.927,12.294,10.359,7.576,3.122,"Kcal/100g: 52.89224108, Kcal: 153.927, Fat (g): 12.294, Carbohydrates (g): 10.359, Sugars (g): 7.576, Protein (g): 3.122","Recipe EUR: Garlic Grilled Summer Squash. Short name grilled summer squash. Station Main Dish- Sides. Portion 1 cup with weight 291.02 grams. Sell price 1.98 dollars. Color tag GREEN. Kcal/100g: 52.89224108, Kcal: 153.927, Fat (g): 12.294, Carbohydrates (g): 10.359, Sugars (g): 7.576, Protein (g): 3.122."
food_10520_5_886721365488,10520.5,EUR: Sauteed Green Beans and Cherry Tomatoes,green beans & cherry tomatoes,Main Dish- Sides,8 oz portion,226.796,886721365488,1.98,53.16275419,GREEN,120.571,6.54,15.101,6.814,3.284,"Kcal/100g: 53.16275419, Kcal: 120.571, Fat (g): 6.54, Carbohydrates (g): 15.101, Sugars (g): 6.814, Protein (g): 3.284","Recipe EUR: Sauteed Green Beans and Cherry Tomatoes. Short name green beans & cherry tomatoes. Station Main Dish- Sides. Portion 8 oz portion with weight 226.796 grams. Sell price 1.98 dollars. Color tag GREEN. Kcal/100g: 53.16275419, Kcal: 120.571, Fat (g): 6.54, Carbohydrates (g): 15.101, Sugars (g): 6.814, Protein (g): 3.284."
food_35015_12_886721280248,35015.12,Rooted Sub: Sauteed Kale,Sauteed Kale,Main Dish- Sides,1/2 cup,155.701,886721280248,1.98,54.14737221,GREEN,84.308,5.665,6.974,1.505,4.469,"Kcal/100g: 54.14737221, Kcal: 84.308, Fat (g): 5.665, Carbohydrates (g): 6.974, Sugars (g): 1.505, Protein (g): 4.469","Recipe Rooted Sub: Sauteed Kale. Short name Sauteed Kale. Station Main Dish- Sides. Portion 1/2 cup with weight 155.701 grams. Sell price 1.98 dollars. Color tag GREEN. Kcal/100g: 54.14737221, Kcal: 84.308, Fat (g): 5.665, Carbohydrates (g): 6.974, Sugars (g): 1.505, Protein (g): 4.469."
food_33992_8_886721159414,33992.8,HC Fresh Roasted Carrots,Roasted Carrots,Main Dish- Sides,1 cup,261.252,886721159414,1.98,54.24991962,GREEN,141.729,6.383,20.764,11.995,1.613,"Kcal/100g: 54.24991962, Kcal: 141.729, Fat (g): 6.383, Carbohydrates (g): 20.764, Sugars (g): 11.995, Protein (g): 1.613","Recipe HC Fresh Roasted Carrots. Short name Roasted Carrots. Station Main Dish- Sides. Portion 1 cup with weight 261.252 grams. Sell price 1.98 dollars. Color tag GREEN. Kcal/100g: 54.24991962, Kcal: 141.729, Fat (g): 6.383, Carbohydrates (g): 20.764, Sugars (g): 11.995, Protein (g): 1.613."
food_75314_6_886721632139,75314.6,EUR: Roasted Brussels Sprouts,roasted brussels sprouts,Main Dish- Sides,1 cup,175.128,886721632139,1.98,58.01813531,GREEN,101.606,5.395,12.134,2.96,4.347,"Kcal/100g: 58.01813531, Kcal: 101.606, Fat (g): 5.395, Carbohydrates (g): 12.134, Sugars (g): 2.96, Protein (g): 4.347","Recipe EUR: Roasted Brussels Sprouts. Short name roasted brussels sprouts. Station Main Dish- Sides. Portion 1 cup with weight 175.128 grams. Sell price 1.98 dollars. Color tag GREEN. Kcal/100g: 58.01813531, Kcal: 101.606, Fat (g): 5.395, Carbohydrates (g): 12.134, Sugars (g): 2.96, Protein (g): 4.347."
food_87388_886721803287,87388,EUR: Southern Style Bacon Green Beans,southern style green beans,Main Dish- Sides,8 ounce,188.99,886721803287,1.98,58.8517911,GREEN,111.224,5.52,9.813,4.35,7.141,"Kcal/100g: 58.8517911, Kcal: 111.224, Fat (g): 5.52, Carbohydrates (g): 9.813, Sugars (g): 4.35, Protein (g): 7.141","Recipe EUR: Southern Style Bacon Green Beans. Short name southern style green beans. Station Main Dish- Sides. Portion 8 ounce with weight 188.99 grams. Sell price 1.98 dollars. Color tag GREEN. Kcal/100g: 58.8517911, Kcal: 111.224, Fat (g): 5.52, Carbohydrates (g): 9.813, Sugars (g): 4.35, Protein (g): 7.141."
food_8289_2_886721091400,8289.2,EUR: Roasted Vegetables,Roasted Vegetables,Main Dish- Sides,1 cup,217.632,886721091400,1.98,62.8363476,GREEN,136.752,9.582,12.52,6.986,2.221,"Kcal/100g: 62.8363476, Kcal: 136.752, Fat (g): 9.582, Carbohydrates (g): 12.52, Sugars (g): 6.986, Protein (g): 2.221","Recipe EUR: Roasted Vegetables. Short name Roasted Vegetables. Station Main Dish- Sides. Portion 1 cup with weight 217.632 grams. Sell price 1.98 dollars. Color tag GREEN. Kcal/100g: 62.8363476, Kcal: 136.752, Fat (g): 9.582, Carbohydrates (g): 12.52, Sugars (g): 6.986, Protein (g): 2.221."
food_9070_7_886721391371,9070.7,Canteen BMW: Fresh Italian Blend Vegetables,Fresh Italian Vegetables,Main Dish- Sides,1 cup,236.215,886721391371,1.98,63.57640285,GREEN,150.177,11.626,10.433,5.465,4.08,"Kcal/100g: 63.57640285, Kcal: 150.177, Fat (g): 11.626, Carbohydrates (g): 10.433, Sugars (g): 5.465, Protein (g): 4.08","Recipe Canteen BMW: Fresh Italian Blend Vegetables. Short name Fresh Italian Vegetables. Station Main Dish- Sides. Portion 1 cup with weight 236.215 grams. Sell price 1.98 dollars. Color tag GREEN. Kcal/100g: 63.57640285, Kcal: 150.177, Fat (g): 11.626, Carbohydrates (g): 10.433, Sugars (g): 5.465, Protein (g): 4.08."
food_19027_886721097013,19027,HC Sauteed Fresh Vegetable Medley,Sauteed Vegetable Medley,Main Dish- Sides,1 cup,134.93,886721097013,1.98,65.08115319,GREEN,87.814,6.865,6.474,3.927,1.397,"Kcal/100g: 65.08115319, Kcal: 87.814, Fat (g): 6.865, Carbohydrates (g): 6.474, Sugars (g): 3.927, Protein (g): 1.397","Recipe HC Sauteed Fresh Vegetable Medley. Short name Sauteed Vegetable Medley. Station Main Dish- Sides. Portion 1 cup with weight 134.93 grams. Sell price 1.98 dollars. Color tag GREEN. Kcal/100g: 65.08115319, Kcal: 87.814, Fat (g): 6.865, Carbohydrates (g): 6.474, Sugars (g): 3.927, Protein (g): 1.397."
food_18994_4_194306897836,18994.4,EUR: Sweet Potato Hash with Peppers,sweet potato hash,Main Dish- Sides,8 oz portion,186.413,194306897836,1.98,72.33025594,GREEN,134.833,1.444,28.8,9.834,3.061,"Kcal/100g: 72.33025594, Kcal: 134.833, Fat (g): 1.444, Carbohydrates (g): 28.8, Sugars (g): 9.834, Protein (g): 3.061","Recipe EUR: Sweet Potato Hash with Peppers. Short name sweet potato hash. Station Main Dish- Sides. Portion 8 oz portion with weight 186.413 grams. Sell price 1.98 dollars. Color tag GREEN. Kcal/100g: 72.33025594, Kcal: 134.833, Fat (g): 1.444, Carbohydrates (g): 28.8, Sugars (g): 9.834, Protein (g): 3.061."
food_179748_886721414605,179748,Canteen BMW: German Red Cabbage,German Red Cabbage,Main Dish- Sides,8 ounce,243.852,886721414605,1.98,74.74492725,GREEN,182.267,5.157,33.712,25.678,3.212,"Kcal/100g: 74.74492725, Kcal: 182.267, Fat (g): 5.157, Carbohydrates (g): 33.712, Sugars (g): 25.678, Protein (g): 3.212","Recipe Canteen BMW: German Red Cabbage. Short name German Red Cabbage. Station Main Dish- Sides. Portion 8 ounce with weight 243.852 grams. Sell price 1.98 dollars. Color tag GREEN. Kcal/100g: 74.74492725, Kcal: 182.267, Fat (g): 5.157, Carbohydrates (g): 33.712, Sugars (g): 25.678, Protein (g): 3.212."
food_1825_886721012856,1825,HC Mexican Corn,Mexican Corn,Main Dish- Sides,1 cup,207.202,886721012856,1.98,75.39068156,GREEN,156.211,1.374,36.999,6.499,4.97,"Kcal/100g: 75.39068156, Kcal: 156.211, Fat (g): 1.374, Carbohydrates (g): 36.999, Sugars (g): 6.499, Protein (g): 4.97","Recipe HC Mexican Corn. Short name Mexican Corn. Station Main Dish- Sides. Portion 1 cup with weight 207.202 grams. Sell price 1.98 dollars. Color tag GREEN. Kcal/100g: 75.39068156, Kcal: 156.211, Fat (g): 1.374, Carbohydrates (g): 36.999, Sugars (g): 6.499, Protein (g): 4.97."
food_50725_1_886721343523,50725.1,Carrots Honey Roasted,Honey Roasted Carrots,Main Dish- Sides,1 cup,130.483,886721343523,1.98,84.09447974,GREEN,109.729,2.546,22.559,16.975,1.106,"Kcal/100g: 84.09447974, Kcal: 109.729, Fat (g): 2.546, Carbohydrates (g): 22.559, Sugars (g): 16.975, Protein (g): 1.106","Recipe Carrots Honey Roasted. Short name Honey Roasted Carrots. Station Main Dish- Sides. Portion 1 cup with weight 130.483 grams. Sell price 1.98 dollars. Color tag GREEN. Kcal/100g: 84.09447974, Kcal: 109.729, Fat (g): 2.546, Carbohydrates (g): 22.559, Sugars (g): 16.975, Protein (g): 1.106."
food_42772_886721204374,42772,Garlic Roasted Broccoli and Cauliflower,"Garlic Roasted Broccoli, Cauliflower",Main Dish- Sides,1 cup,102.928,886721204374,1.98,87.64281828,GREEN,90.209,7.127,5.954,1.72,2.33,"Kcal/100g: 87.64281828, Kcal: 90.209, Fat (g): 7.127, Carbohydrates (g): 5.954, Sugars (g): 1.72, Protein (g): 2.33","Recipe Garlic Roasted Broccoli and Cauliflower. Short name Garlic Roasted Broccoli, Cauliflower. Station Main Dish- Sides. Portion 1 cup with weight 102.928 grams. Sell price 1.98 dollars. Color tag GREEN. Kcal/100g: 87.64281828, Kcal: 90.209, Fat (g): 7.127, Carbohydrates (g): 5.954, Sugars (g): 1.72, Protein (g): 2.33."
food_58_886721001140,58,HC Hot German Potato Salad,Hot German Potato Salad,Main Dish- Sides,1 cup,241.323,886721001140,1.98,89.39263974,GREEN,215.725,2.814,41.524,6.341,5.768,"Kcal/100g: 89.39263974, Kcal: 215.725, Fat (g): 2.814, Carbohydrates (g): 41.524, Sugars (g): 6.341, Protein (g): 5.768","Recipe HC Hot German Potato Salad. Short name Hot German Potato Salad. Station Main Dish- Sides. Portion 1 cup with weight 241.323 grams. Sell price 1.98 dollars. Color tag GREEN. Kcal/100g: 89.39263974, Kcal: 215.725, Fat (g): 2.814, Carbohydrates (g): 41.524, Sugars (g): 6.341, Protein (g): 5.768."
food_63250_1_886721562696,63250.1,EUR: Roasted Potato Wedges,potato wedges,Main Dish- Sides,8 ounce,220.65,886721562696,1.98,90.01359619,GREEN,198.615,0.636,44.385,3.295,5.41,"Kcal/100g: 90.01359619, Kcal: 198.615, Fat (g): 0.636, Carbohydrates (g): 44.385, Sugars (g): 3.295, Protein (g): 5.41","Recipe EUR: Roasted Potato Wedges. Short name potato wedges. Station Main Dish- Sides. Portion 8 ounce with weight 220.65 grams. Sell price 1.98 dollars. Color tag GREEN. Kcal/100g: 90.01359619, Kcal: 198.615, Fat (g): 0.636, Carbohydrates (g): 44.385, Sugars (g): 3.295, Protein (g): 5.41."
food_745_886721010746,745,HC Corn on the Cob,Corn on the Cob,Main Dish- Sides,1 each,50.242,886721010746,1.98,93.99904462,GREEN,47.227,0.372,11.219,1.804,1.563,"Kcal/100g: 93.99904462, Kcal: 47.227, Fat (g): 0.372, Carbohydrates (g): 11.219, Sugars (g): 1.804, Protein (g): 1.563","Recipe HC Corn on the Cob. Short name Corn on the Cob. Station Main Dish- Sides. Portion 1 each with weight 50.242 grams. Sell price 1.98 dollars. Color tag GREEN. Kcal/100g: 93.99904462, Kcal: 47.227, Fat (g): 0.372, Carbohydrates (g): 11.219, Sugars (g): 1.804, Protein (g): 1.563."
food_978_886721006770,978,HC Boiled/Steamed Red Potatoes,Red Potatoes,Main Dish- Sides,1 cup,230.114,886721006770,1.98,94.58703078,GREEN,217.658,2.642,44.431,3.245,5.24,"Kcal/100g: 94.58703078, Kcal: 217.658, Fat (g): 2.642, Carbohydrates (g): 44.431, Sugars (g): 3.245, Protein (g): 5.24","Recipe HC Boiled/Steamed Red Potatoes. Short name Red Potatoes. Station Main Dish- Sides. Portion 1 cup with weight 230.114 grams. Sell price 1.98 dollars. Color tag GREEN. Kcal/100g: 94.58703078, Kcal: 217.658, Fat (g): 2.642, Carbohydrates (g): 44.431, Sugars (g): 3.245, Protein (g): 5.24."
food_17613_886721092568,17613,EUR: Dijon Roasted Red Potatoes,dijon roasted red potatoes,Main Dish- Sides,8 ounce,226.796,886721092568,1.98,99.0555389,GREEN,224.654,4.216,42.183,3.483,5.544,"Kcal/100g: 99.0555389, Kcal: 224.654, Fat (g): 4.216, Carbohydrates (g): 42.183, Sugars (g): 3.483, Protein (g): 5.544","Recipe EUR: Dijon Roasted Red Potatoes. Short name dijon roasted red potatoes. Station Main Dish- Sides. Portion 8 ounce with weight 226.796 grams. Sell price 1.98 dollars. Color tag GREEN. Kcal/100g: 99.0555389, Kcal: 224.654, Fat (g): 4.216, Carbohydrates (g): 42.183, Sugars (g): 3.483, Protein (g): 5.544."
food_5676_2_886721173229,5676.2,"HC Seasoned Peas and Pearl Onions, SR",Peas and Pearl Onions,Main Dish- Sides,1 cup,190.801,886721173229,1.98,99.22379862,GREEN,189.32,7.781,23.33,7.444,7.84,"Kcal/100g: 99.22379862, Kcal: 189.32, Fat (g): 7.781, Carbohydrates (g): 23.33, Sugars (g): 7.444, Protein (g): 7.84","Recipe HC Seasoned Peas and Pearl Onions, SR. Short name Peas and Pearl Onions. Station Main Dish- Sides. Portion 1 cup with weight 190.801 grams. Sell price 1.98 dollars. Color tag GREEN. Kcal/100g: 99.22379862, Kcal: 189.32, Fat (g): 7.781, Carbohydrates (g): 23.33, Sugars (g): 7.444, Protein (g): 7.84."
food_33992_79_886721384304,33992.79,Canteen: Roasted Red Potatoes,Roasted Potatoes,Main Dish- Sides,1 cup,259.436,886721384304,1.98,100.4521346,GREEN,260.609,4.829,49.843,3.633,5.856,"Kcal/100g: 100.4521346, Kcal: 260.609, Fat (g): 4.829, Carbohydrates (g): 49.843, Sugars (g): 3.633, Protein (g): 5.856","Recipe Canteen: Roasted Red Potatoes. Short name Roasted Potatoes. Station Main Dish- Sides. Portion 1 cup with weight 259.436 grams. Sell price 1.98 dollars. Color tag GREEN. Kcal/100g: 100.4521346, Kcal: 260.609, Fat (g): 4.829, Carbohydrates (g): 49.843, Sugars (g): 3.633, Protein (g): 5.856."
food_1815_886721017622,1815,HC Spanish Rice (Western Version),Spanish Rice,Main Dish- Sides,1 cup,211.36,886721017622,1.98,101.4435087,GREEN,214.411,5.398,37.773,4.418,4.27,"Kcal/100g: 101.4435087, Kcal: 214.411, Fat (g): 5.398, Carbohydrates (g): 37.773, Sugars (g): 4.418, Protein (g): 4.27","Recipe HC Spanish Rice (Western Version). Short name Spanish Rice. Station Main Dish- Sides. Portion 1 cup with weight 211.36 grams. Sell price 1.98 dollars. Color tag GREEN. Kcal/100g: 101.4435087, Kcal: 214.411, Fat (g): 5.398, Carbohydrates (g): 37.773, Sugars (g): 4.418, Protein (g): 4.27."
food_50634_886721252504,50634,HC Smashed Spiced Sweet Potatoes,Smashed Sweet Potatoes,Main Dish- Sides,1 cup,317.106,886721252504,1.98,104.4644378,GREEN,331.263,4.654,68.408,23.772,6.468,"Kcal/100g: 104.4644378, Kcal: 331.263, Fat (g): 4.654, Carbohydrates (g): 68.408, Sugars (g): 23.772, Protein (g): 6.468","Recipe HC Smashed Spiced Sweet Potatoes. Short name Smashed Sweet Potatoes. Station Main Dish- Sides. Portion 1 cup with weight 317.106 grams. Sell price 1.98 dollars. Color tag GREEN. Kcal/100g: 104.4644378, Kcal: 331.263, Fat (g): 4.654, Carbohydrates (g): 68.408, Sugars (g): 23.772, Protein (g): 6.468."
food_134479_3_886721414568,134479.3,Canteen BMW: Enchilada Refried Beans,Enchilada Refried Beans,Main Dish- Sides,1/2 cup,122.418,886721414568,1.98,107.5470927,GREEN,131.657,2.681,19.783,1.131,6.685,"Kcal/100g: 107.5470927, Kcal: 131.657, Fat (g): 2.681, Carbohydrates (g): 19.783, Sugars (g): 1.131, Protein (g): 6.685","Recipe Canteen BMW: Enchilada Refried Beans. Short name Enchilada Refried Beans. Station Main Dish- Sides. Portion 1/2 cup with weight 122.418 grams. Sell price 1.98 dollars. Color tag GREEN. Kcal/100g: 107.5470927, Kcal: 131.657, Fat (g): 2.681, Carbohydrates (g): 19.783, Sugars (g): 1.131, Protein (g): 6.685."
food_11942_886721069874,11942,EUR: Buttered Peas,buttered green peas,Main Dish- Sides,1 cup,170.034,886721069874,1.98,113.5425856,GREEN,193.061,8.109,22.935,7.047,8.339,"Kcal/100g: 113.5425856, Kcal: 193.061, Fat (g): 8.109, Carbohydrates (g): 22.935, Sugars (g): 7.047, Protein (g): 8.339","Recipe EUR: Buttered Peas. Short name buttered green peas. Station Main Dish- Sides. Portion 1 cup with weight 170.034 grams. Sell price 1.98 dollars. Color tag GREEN. Kcal/100g: 113.5425856, Kcal: 193.061, Fat (g): 8.109, Carbohydrates (g): 22.935, Sugars (g): 7.047, Protein (g): 8.339."
food_178117_194306791202,178117,Canteen BMW: Baked Beans,Baked Beans,Main Dish- Sides,1 cup,230.254,194306791202,1.98,119.8941169,GREEN,276.061,1.624,55.992,27.589,7.704,"Kcal/100g: 119.8941169, Kcal: 276.061, Fat (g): 1.624, Carbohydrates (g): 55.992, Sugars (g): 27.589, Protein (g): 7.704","Recipe Canteen BMW: Baked Beans. Short name Baked Beans. Station Main Dish- Sides. Portion 1 cup with weight 230.254 grams. Sell price 1.98 dollars. Color tag GREEN. Kcal/100g: 119.8941169, Kcal: 276.061, Fat (g): 1.624, Carbohydrates (g): 55.992, Sugars (g): 27.589, Protein (g): 7.704."
food_2144_5_886721392538,2144.5,Canteen BMW: Lemon Dill Rice,Lemon Dill Rice,Main Dish- Sides,1 cup,183.983,886721392538,1.98,126.8975938,YELLOW,233.47,9.112,34.469,1.084,3.449,"Kcal/100g: 126.8975938, Kcal: 233.47, Fat (g): 9.112, Carbohydrates (g): 34.469, Sugars (g): 1.084, Protein (g): 3.449","Recipe Canteen BMW: Lemon Dill Rice. Short name Lemon Dill Rice. Station Main Dish- Sides. Portion 1 cup with weight 183.983 grams. Sell price 1.98 dollars. Color tag YELLOW. Kcal/100g: 126.8975938, Kcal: 233.47, Fat (g): 9.112, Carbohydrates (g): 34.469, Sugars (g): 1.084, Protein (g): 3.449."
food_5277_3_886721090823,5277.3,EUR: Green Bean Almondine,green bean almondine,Main Dish- Sides,1 cup,257.844,886721090823,1.98,133.3131661,YELLOW,343.74,30.414,17.551,7.709,5.04,"Kcal/100g: 133.3131661, Kcal: 343.74, Fat (g): 30.414, Carbohydrates (g): 17.551, Sugars (g): 7.709, Protein (g): 5.04","Recipe EUR: Green Bean Almondine. Short name green bean almondine. Station Main Dish- Sides. Portion 1 cup with weight 257.844 grams. Sell price 1.98 dollars. Color tag YELLOW. Kcal/100g: 133.3131661, Kcal: 343.74, Fat (g): 30.414, Carbohydrates (g): 17.551, Sugars (g): 7.709, Protein (g): 5.04."
food_40484_886721192091,40484,HC Broccoli and Cheddar Brown Rice Casserole,Broccoli Cheddar Casserole,Main Dish- Sides,8 oz portion,278.641,886721192091,1.98,134.5990001,YELLOW,375.048,23.738,27.875,3.067,12.874,"Kcal/100g: 134.5990001, Kcal: 375.048, Fat (g): 23.738, Carbohydrates (g): 27.875, Sugars (g): 3.067, Protein (g): 12.874","Recipe HC Broccoli and Cheddar Brown Rice Casserole. Short name Broccoli Cheddar Casserole. Station Main Dish- Sides. Portion 8 oz portion with weight 278.641 grams. Sell price 1.98 dollars. Color tag YELLOW. Kcal/100g: 134.5990001, Kcal: 375.048, Fat (g): 23.738, Carbohydrates (g): 27.875, Sugars (g): 3.067, Protein (g): 12.874."
food_50962_886721254300,50962,HC Brown and Wild Rice Pilaf,Brown & Wild Rice Pilaf,Main Dish- Sides,1 cup,233.327,886721254300,1.98,135.793543,YELLOW,316.843,5.578,59.389,2.782,8.29,"Kcal/100g: 135.793543, Kcal: 316.843, Fat (g): 5.578, Carbohydrates (g): 59.389, Sugars (g): 2.782, Protein (g): 8.29","Recipe HC Brown and Wild Rice Pilaf. Short name Brown & Wild Rice Pilaf. Station Main Dish- Sides. Portion 1 cup with weight 233.327 grams. Sell price 1.98 dollars. Color tag YELLOW. Kcal/100g: 135.793543, Kcal: 316.843, Fat (g): 5.578, Carbohydrates (g): 59.389, Sugars (g): 2.782, Protein (g): 8.29."
food_45118_886721218807,45118,EUR: Garlic Mashed Potatoes,garlic mashed potatoes,Main Dish- Sides,1 cup,323.723,886721218807,1.98,186.907634,YELLOW,605.063,42.846,51.416,6.081,6.82,"Kcal/100g: 186.907634, Kcal: 605.063, Fat (g): 42.846, Carbohydrates (g): 51.416, Sugars (g): 6.081, Protein (g): 6.82","Recipe EUR: Garlic Mashed Potatoes. Short name garlic mashed potatoes. Station Main Dish- Sides. Portion 1 cup with weight 323.723 grams. Sell price 1.98 dollars. Color tag YELLOW. Kcal/100g: 186.907634, Kcal: 605.063, Fat (g): 42.846, Carbohydrates (g): 51.416, Sugars (g): 6.081, Protein (g): 6.82."
food_574_886721009733,574,HC Southwestern Cornbread,Southwestern Cornbread,Main Dish- Sides,1 slice,111.045,886721009733,1.98,219.9153496,ORANGE,244.205,10.22,34.59,3.756,4.067,"Kcal/100g: 219.9153496, Kcal: 244.205, Fat (g): 10.22, Carbohydrates (g): 34.59, Sugars (g): 3.756, Protein (g): 4.067","Recipe HC Southwestern Cornbread. Short name Southwestern Cornbread. Station Main Dish- Sides. Portion 1 slice with weight 111.045 grams. Sell price 1.98 dollars. Color tag ORANGE. Kcal/100g: 219.9153496, Kcal: 244.205, Fat (g): 10.22, Carbohydrates (g): 34.59, Sugars (g): 3.756, Protein (g): 4.067."
food_5264_14_886721415459,5264.14,Canteen BMW: Sweet Pea Orzo,Sweet Pea Orzo,Main Dish- Sides,8 ounce,242.423,886721415459,1.98,235.3369936,ORANGE,570.511,34.681,53.55,2.771,11.592,"Kcal/100g: 235.3369936, Kcal: 570.511, Fat (g): 34.681, Carbohydrates (g): 53.55, Sugars (g): 2.771, Protein (g): 11.592","Recipe Canteen BMW: Sweet Pea Orzo. Short name Sweet Pea Orzo. Station Main Dish- Sides. Portion 8 ounce with weight 242.423 grams. Sell price 1.98 dollars. Color tag ORANGE. Kcal/100g: 235.3369936, Kcal: 570.511, Fat (g): 34.681, Carbohydrates (g): 53.55, Sugars (g): 2.771, Protein (g): 11.592."
food_76991_886721943273,76991,EUR: Creamy Macaroni and Cheese,creamy macaroni and cheese,Main Dish- Sides,1 cup,255.146,886721943273,1.98,260.1079382,ORANGE,663.655,49.385,36.113,7.018,19.818,"Kcal/100g: 260.1079382, Kcal: 663.655, Fat (g): 49.385, Carbohydrates (g): 36.113, Sugars (g): 7.018, Protein (g): 19.818","Recipe EUR: Creamy Macaroni and Cheese. Short name creamy macaroni and cheese. Station Main Dish- Sides. Portion 1 cup with weight 255.146 grams. Sell price 1.98 dollars. Color tag ORANGE. Kcal/100g: 260.1079382, Kcal: 663.655, Fat (g): 49.385, Carbohydrates (g): 36.113, Sugars (g): 7.018, Protein (g): 19.818."
food_65369_886721422433,65369,EUR: Garlic Cheese Bread,garlic cheese bread,Main Dish- Sides,1 slice,29.787,886721422433,1.98,375.0830899,ORANGE,111.726,6.611,8.952,0.169,4.042,"Kcal/100g: 375.0830899, Kcal: 111.726, Fat (g): 6.611, Carbohydrates (g): 8.952, Sugars (g): 0.169, Protein (g): 4.042","Recipe EUR: Garlic Cheese Bread. Short name garlic cheese bread. Station Main Dish- Sides. Portion 1 slice with weight 29.787 grams. Sell price 1.98 dollars. Color tag ORANGE. Kcal/100g: 375.0830899, Kcal: 111.726, Fat (g): 6.611, Carbohydrates (g): 8.952, Sugars (g): 0.169, Protein (g): 4.042."
food_7743_4_886721393993,7743.4,Canteen BMW: Stuffed Pepper Soup,Stuffed Pepper Soup,Soups,16 floz,470.858,886721393993,3.14,113.483683,GREEN,534.347,32.132,30.781,5.262,30.133,"Kcal/100g: 113.483683, Kcal: 534.347, Fat (g): 32.132, Carbohydrates (g): 30.781, Sugars (g): 5.262, Protein (g): 30.133","Recipe Canteen BMW: Stuffed Pepper Soup. Short name Stuffed Pepper Soup. Station Soups. Portion 16 floz with weight 470.858 grams. Sell price 3.14 dollars. Color tag GREEN. Kcal/100g: 113.483683, Kcal: 534.347, Fat (g): 32.132, Carbohydrates (g): 30.781, Sugars (g): 5.262, Protein (g): 30.133."
food_27120_4_886721415596,27120.4,"Canteen BMW: Cabbage And Potato Soup with Bacon, from base",Cabbage and Potato Soup with Bacon,Soups,16 floz,456.285,886721415596,3.14,33.28730947,GREEN,151.885,6.387,16.566,5.245,7.739,"Kcal/100g: 33.28730947, Kcal: 151.885, Fat (g): 6.387, Carbohydrates (g): 16.566, Sugars (g): 5.245, Protein (g): 7.739","Recipe Canteen BMW: Cabbage And Potato Soup with Bacon, from base. Short name Cabbage and Potato Soup with Bacon. Station Soups. Portion 16 floz with weight 456.285 grams. Sell price 3.14 dollars. Color tag GREEN. Kcal/100g: 33.28730947, Kcal: 151.885, Fat (g): 6.387, Carbohydrates (g): 16.566, Sugars (g): 5.245, Protein (g): 7.739."
food_1535_886721004660,1535,HC Minestrone Soup,Minestrone Soup,Soups,16 floz,575.186,886721004660,3.14,41.66321851,GREEN,239.641,2.684,43.514,5.097,11.93,"Kcal/100g: 41.66321851, Kcal: 239.641, Fat (g): 2.684, Carbohydrates (g): 43.514, Sugars (g): 5.097, Protein (g): 11.93","Recipe HC Minestrone Soup. Short name Minestrone Soup. Station Soups. Portion 16 floz with weight 575.186 grams. Sell price 3.14 dollars. Color tag GREEN. Kcal/100g: 41.66321851, Kcal: 239.641, Fat (g): 2.684, Carbohydrates (g): 43.514, Sugars (g): 5.097, Protein (g): 11.93."
food_77898_5_886721414520,77898.5,Canteen BMW: Havana Style Black Bean Soup,Havana-Style Black Bean Soup,Soups,16 floz,468.638,886721414520,3.14,45.69497139,GREEN,214.144,6.507,33.644,10.354,7.838,"Kcal/100g: 45.69497139, Kcal: 214.144, Fat (g): 6.507, Carbohydrates (g): 33.644, Sugars (g): 10.354, Protein (g): 7.838","Recipe Canteen BMW: Havana Style Black Bean Soup. Short name Havana-Style Black Bean Soup. Station Soups. Portion 16 floz with weight 468.638 grams. Sell price 3.14 dollars. Color tag GREEN. Kcal/100g: 45.69497139, Kcal: 214.144, Fat (g): 6.507, Carbohydrates (g): 33.644, Sugars (g): 10.354, Protein (g): 7.838."
food_11077_2_886721216445,11077.2,EUR: Chicken & White Bean Soup (Base),chicken & white bean soup,Soups,16 floz,697.477,886721216445,3.14,49.95189806,GREEN,348.403,6.588,44.867,3.985,30.02,"Kcal/100g: 49.95189806, Kcal: 348.403, Fat (g): 6.588, Carbohydrates (g): 44.867, Sugars (g): 3.985, Protein (g): 30.02","Recipe EUR: Chicken & White Bean Soup (Base). Short name chicken & white bean soup. Station Soups. Portion 16 floz with weight 697.477 grams. Sell price 3.14 dollars. Color tag GREEN. Kcal/100g: 49.95189806, Kcal: 348.403, Fat (g): 6.588, Carbohydrates (g): 44.867, Sugars (g): 3.985, Protein (g): 30.02."
food_67044_886721483519,67044,"HC Vegetable and Tortellini Soup, Great Living",Vegetable and Tortellini Soup,Soups,16 floz,459.48,886721483519,3.14,53.19208671,GREEN,244.407,9.89,32.363,6.131,8.961,"Kcal/100g: 53.19208671, Kcal: 244.407, Fat (g): 9.89, Carbohydrates (g): 32.363, Sugars (g): 6.131, Protein (g): 8.961","Recipe HC Vegetable and Tortellini Soup, Great Living. Short name Vegetable and Tortellini Soup. Station Soups. Portion 16 floz with weight 459.48 grams. Sell price 3.14 dollars. Color tag GREEN. Kcal/100g: 53.19208671, Kcal: 244.407, Fat (g): 9.89, Carbohydrates (g): 32.363, Sugars (g): 6.131, Protein (g): 8.961."
food_5395_886721021292,5395,HC Lentil and Black Bean Soup,Lentil and Black Bean Soup,Soups,16 ounce,709.189,886721021292,3.14,53.77818889,GREEN,381.389,10.128,57.992,9.696,18.715,"Kcal/100g: 53.77818889, Kcal: 381.389, Fat (g): 10.128, Carbohydrates (g): 57.992, Sugars (g): 9.696, Protein (g): 18.715","Recipe HC Lentil and Black Bean Soup. Short name Lentil and Black Bean Soup. Station Soups. Portion 16 ounce with weight 709.189 grams. Sell price 3.14 dollars. Color tag GREEN. Kcal/100g: 53.77818889, Kcal: 381.389, Fat (g): 10.128, Carbohydrates (g): 57.992, Sugars (g): 9.696, Protein (g): 18.715."
food_5791_1_886721391173,5791.1,Canteen BMW Tomato Bisque Soup,Tomato Bisque,Soups,16 floz,535.061,886721391173,3.14,64.117923,GREEN,343.07,19.782,37.605,17.869,5.296,"Kcal/100g: 64.117923, Kcal: 343.07, Fat (g): 19.782, Carbohydrates (g): 37.605, Sugars (g): 17.869, Protein (g): 5.296","Recipe Canteen BMW Tomato Bisque Soup. Short name Tomato Bisque. Station Soups. Portion 16 floz with weight 535.061 grams. Sell price 3.14 dollars. Color tag GREEN. Kcal/100g: 64.117923, Kcal: 343.07, Fat (g): 19.782, Carbohydrates (g): 37.605, Sugars (g): 17.869, Protein (g): 5.296."
food_57623_2_886721483854,57623.2,EUR: Corn Chowder (Scratch-Base),corn chowder,Soups,16 floz,395.709,886721483854,3.14,65.54336646,GREEN,259.361,18.968,20.456,3.481,3.267,"Kcal/100g: 65.54336646, Kcal: 259.361, Fat (g): 18.968, Carbohydrates (g): 20.456, Sugars (g): 3.481, Protein (g): 3.267","Recipe EUR: Corn Chowder (Scratch-Base). Short name corn chowder. Station Soups. Portion 16 floz with weight 395.709 grams. Sell price 3.14 dollars. Color tag GREEN. Kcal/100g: 65.54336646, Kcal: 259.361, Fat (g): 18.968, Carbohydrates (g): 20.456, Sugars (g): 3.481, Protein (g): 3.267."
food_131378_886721392118,131378,EUR: Chicken Tortilla Soup (Scratch-Base),chicken tortilla soup,Soups,16 floz,698.115,886721392118,3.14,66.12750048,GREEN,461.646,12.976,63.798,7.948,26.016,"Kcal/100g: 66.12750048, Kcal: 461.646, Fat (g): 12.976, Carbohydrates (g): 63.798, Sugars (g): 7.948, Protein (g): 26.016","Recipe EUR: Chicken Tortilla Soup (Scratch-Base). Short name chicken tortilla soup. Station Soups. Portion 16 floz with weight 698.115 grams. Sell price 3.14 dollars. Color tag GREEN. Kcal/100g: 66.12750048, Kcal: 461.646, Fat (g): 12.976, Carbohydrates (g): 63.798, Sugars (g): 7.948, Protein (g): 26.016."
food_24775_4_886721415046,24775.4,Canteen BMW: Pasta Fagioli with Sausage Soup,Pasta Fagioli with Sausage Soup,Soups,16 oz portion,495.886,886721415046,3.14,71.93972002,GREEN,356.739,12.244,45.467,4.96,15.997,"Kcal/100g: 71.93972002, Kcal: 356.739, Fat (g): 12.244, Carbohydrates (g): 45.467, Sugars (g): 4.96, Protein (g): 15.997","Recipe Canteen BMW: Pasta Fagioli with Sausage Soup. Short name Pasta Fagioli with Sausage Soup. Station Soups. Portion 16 oz portion with weight 495.886 grams. Sell price 3.14 dollars. Color tag GREEN. Kcal/100g: 71.93972002, Kcal: 356.739, Fat (g): 12.244, Carbohydrates (g): 45.467, Sugars (g): 4.96, Protein (g): 15.997."
food_71286_6_886721393962,71286.6,Canteen BMW: Curry Spinach Lentil Soup,Curry Spinach Lentil Soup,Soups,16 floz,596.146,886721393962,3.14,72.29772572,GREEN,431.0,10.541,66.613,4.847,22.274,"Kcal/100g: 72.29772572, Kcal: 431.0, Fat (g): 10.541, Carbohydrates (g): 66.613, Sugars (g): 4.847, Protein (g): 22.274","Recipe Canteen BMW: Curry Spinach Lentil Soup. Short name Curry Spinach Lentil Soup. Station Soups. Portion 16 floz with weight 596.146 grams. Sell price 3.14 dollars. Color tag GREEN. Kcal/100g: 72.29772572, Kcal: 431.0, Fat (g): 10.541, Carbohydrates (g): 66.613, Sugars (g): 4.847, Protein (g): 22.274."
food_57630_2_886721415473,57630.2,Canteen BMW: Cream of Chicken with Rice,cream of chicken and rice,Soups,16 floz,534.627,886721415473,3.14,119.9632641,GREEN,641.356,51.333,31.687,5.723,15.35,"Kcal/100g: 119.9632641, Kcal: 641.356, Fat (g): 51.333, Carbohydrates (g): 31.687, Sugars (g): 5.723, Protein (g): 15.35","Recipe Canteen BMW: Cream of Chicken with Rice. Short name cream of chicken and rice. Station Soups. Portion 16 floz with weight 534.627 grams. Sell price 3.14 dollars. Color tag GREEN. Kcal/100g: 119.9632641, Kcal: 641.356, Fat (g): 51.333, Carbohydrates (g): 31.687, Sugars (g): 5.723, Protein (g): 15.35."
food_48376_12_194306163887,48376.12,HC Vegetable Pad Thai,Vegetable Pad Thai,Asian-Entrée,1 cup,227.206,194306163887,4.74,147.067419,YELLOW,334.146,11.505,50.093,17.499,9.169,"Kcal/100g: 147.067419, Kcal: 334.146, Fat (g): 11.505, Carbohydrates (g): 50.093, Sugars (g): 17.499, Protein (g): 9.169","Recipe HC Vegetable Pad Thai. Short name Vegetable Pad Thai. Station Asian-Entrée. Portion 1 cup with weight 227.206 grams. Sell price 4.74 dollars. Color tag YELLOW. Kcal/100g: 147.067419, Kcal: 334.146, Fat (g): 11.505, Carbohydrates (g): 50.093, Sugars (g): 17.499, Protein (g): 9.169."
food_44905_5_886721415572,44905.5,Canteen BMW: Cassoulet with Chicken and Sausage,Cassoulet,Main Dish- Entrée,12 ounce,349.8,886721415572,5.82,115.198685,GREEN,402.965,24.702,15.827,6.01,28.417,"Kcal/100g: 115.198685, Kcal: 402.965, Fat (g): 24.702, Carbohydrates (g): 15.827, Sugars (g): 6.01, Protein (g): 28.417","Recipe Canteen BMW: Cassoulet with Chicken and Sausage. Short name Cassoulet. Station Main Dish- Entrée. Portion 12 ounce with weight 349.8 grams. Sell price 5.82 dollars. Color tag GREEN. Kcal/100g: 115.198685, Kcal: 402.965, Fat (g): 24.702, Carbohydrates (g): 15.827, Sugars (g): 6.01, Protein (g): 28.417."
food_5019_23_886721414506,5019.23,Canteen BMW: Chicken Piccata,chicken piccata,Main Dish- Entrée,7 ounce,211.24,886721414506,5.82,145.2736224,YELLOW,306.876,15.499,5.671,0.307,34.92,"Kcal/100g: 145.2736224, Kcal: 306.876, Fat (g): 15.499, Carbohydrates (g): 5.671, Sugars (g): 0.307, Protein (g): 34.92","Recipe Canteen BMW: Chicken Piccata. Short name chicken piccata. Station Main Dish- Entrée. Portion 7 ounce with weight 211.24 grams. Sell price 5.82 dollars. Color tag YELLOW. Kcal/100g: 145.2736224, Kcal: 306.876, Fat (g): 15.499, Carbohydrates (g): 5.671, Sugars (g): 0.307, Protein (g): 34.92."
food_15653_4_886721416036,15653.4,Canteen BMW: Chicken Enchilada Suizas,chicken enchilada suizas,Main Dish- Entrée,8 ounce,226.796,886721416036,5.82,148.6199051,YELLOW,337.064,16.101,28.343,4.768,21.983,"Kcal/100g: 148.6199051, Kcal: 337.064, Fat (g): 16.101, Carbohydrates (g): 28.343, Sugars (g): 4.768, Protein (g): 21.983","Recipe Canteen BMW: Chicken Enchilada Suizas. Short name chicken enchilada suizas. Station Main Dish- Entrée. Portion 8 ounce with weight 226.796 grams. Sell price 5.82 dollars. Color tag YELLOW. Kcal/100g: 148.6199051, Kcal: 337.064, Fat (g): 16.101, Carbohydrates (g): 28.343, Sugars (g): 4.768, Protein (g): 21.983."
food_27288_20_194306148266,27288.20,HC Honey Roasted Chicken,Honey Roasted Chicken,Main Dish- Entrée,6 ounce,170.097,194306148266,5.82,242.0489485,ORANGE,411.718,21.893,7.328,5.904,44.069,"Kcal/100g: 242.0489485, Kcal: 411.718, Fat (g): 21.893, Carbohydrates (g): 7.328, Sugars (g): 5.904, Protein (g): 44.069","Recipe HC Honey Roasted Chicken. Short name Honey Roasted Chicken. Station Main Dish- Entrée. Portion 6 ounce with weight 170.097 grams. Sell price 5.82 dollars. Color tag ORANGE. Kcal/100g: 242.0489485, Kcal: 411.718, Fat (g): 21.893, Carbohydrates (g): 7.328, Sugars (g): 5.904, Protein (g): 44.069."
food_179750_886721415466,179750,Canteen BMW: Baked Flounder,Baked Flounder,Main Dish- Entrée,1 serving(s),240.715,886721415466,6.23,104.1709075,GREEN,250.755,11.396,0.687,0.083,34.725,"Kcal/100g: 104.1709075, Kcal: 250.755, Fat (g): 11.396, Carbohydrates (g): 0.687, Sugars (g): 0.083, Protein (g): 34.725","Recipe Canteen BMW: Baked Flounder. Short name Baked Flounder. Station Main Dish- Entrée. Portion 1 serving(s) with weight 240.715 grams. Sell price 6.23 dollars. Color tag GREEN. Kcal/100g: 104.1709075, Kcal: 250.755, Fat (g): 11.396, Carbohydrates (g): 0.687, Sugars (g): 0.083, Protein (g): 34.725."
food_9010_886721058335,9010,EUR: Carved Pork Loin,Carved Pork Loin,Main Dish- Entrée,6 oz portion,169.137,886721058335,6.23,141.4261811,YELLOW,239.204,11.538,1.67,0.212,32.405,"Kcal/100g: 141.4261811, Kcal: 239.204, Fat (g): 11.538, Carbohydrates (g): 1.67, Sugars (g): 0.212, Protein (g): 32.405","Recipe EUR: Carved Pork Loin. Short name Carved Pork Loin. Station Main Dish- Entrée. Portion 6 oz portion with weight 169.137 grams. Sell price 6.23 dollars. Color tag YELLOW. Kcal/100g: 141.4261811, Kcal: 239.204, Fat (g): 11.538, Carbohydrates (g): 1.67, Sugars (g): 0.212, Protein (g): 32.405."
food_831_3_886721028253,831.3,Canteen: Roasted Pork Loin,Pork Roast,Main Dish- Entrée,6 oz meat,170.341,886721028253,6.23,143.0735994,YELLOW,243.713,13.683,0.914,0.191,31.922,"Kcal/100g: 143.0735994, Kcal: 243.713, Fat (g): 13.683, Carbohydrates (g): 0.914, Sugars (g): 0.191, Protein (g): 31.922","Recipe Canteen: Roasted Pork Loin. Short name Pork Roast. Station Main Dish- Entrée. Portion 6 oz meat with weight 170.341 grams. Sell price 6.23 dollars. Color tag YELLOW. Kcal/100g: 143.0735994, Kcal: 243.713, Fat (g): 13.683, Carbohydrates (g): 0.914, Sugars (g): 0.191, Protein (g): 31.922."
food_6924_886721050018,6924,HC Honey Bourbon Pork Loin,Honey Bourbon Pork Loin,Main Dish- Entrée,6 oz portion,188.984,886721050018,6.23,159.4007958,YELLOW,301.242,11.317,17.465,13.687,24.747,"Kcal/100g: 159.4007958, Kcal: 301.242, Fat (g): 11.317, Carbohydrates (g): 17.465, Sugars (g): 13.687, Protein (g): 24.747","Recipe HC Honey Bourbon Pork Loin. Short name Honey Bourbon Pork Loin. Station Main Dish- Entrée. Portion 6 oz portion with weight 188.984 grams. Sell price 6.23 dollars. Color tag YELLOW. Kcal/100g: 159.4007958, Kcal: 301.242, Fat (g): 11.317, Carbohydrates (g): 17.465, Sugars (g): 13.687, Protein (g): 24.747."
food_4573_9_886721414636,4573.9,Canteen BMW: Fried Pork Chop,Fried Pork Chop,Main Dish- Entrée,1 serving(s),264.901,886721414636,6.23,192.3941397,ORANGE,509.654,30.402,29.61,0.329,32.223,"Kcal/100g: 192.3941397, Kcal: 509.654, Fat (g): 30.402, Carbohydrates (g): 29.61, Sugars (g): 0.329, Protein (g): 32.223","Recipe Canteen BMW: Fried Pork Chop. Short name Fried Pork Chop. Station Main Dish- Entrée. Portion 1 serving(s) with weight 264.901 grams. Sell price 6.23 dollars. Color tag ORANGE. Kcal/100g: 192.3941397, Kcal: 509.654, Fat (g): 30.402, Carbohydrates (g): 29.61, Sugars (g): 0.329, Protein (g): 32.223."
food_81293_2_886721417217,81293.2,Canteen BMW: Beef Bourguignon,beef bourguignon,Main Dish- Entrée,9 ounce,303.366,886721417217,6.43,146.9782375,YELLOW,445.882,17.721,11.43,2.348,53.957,"Kcal/100g: 146.9782375, Kcal: 445.882, Fat (g): 17.721, Carbohydrates (g): 11.43, Sugars (g): 2.348, Protein (g): 53.957","Recipe Canteen BMW: Beef Bourguignon. Short name beef bourguignon. Station Main Dish- Entrée. Portion 9 ounce with weight 303.366 grams. Sell price 6.43 dollars. Color tag YELLOW. Kcal/100g: 146.9782375, Kcal: 445.882, Fat (g): 17.721, Carbohydrates (g): 11.43, Sugars (g): 2.348, Protein (g): 53.957."
food_156268_1_886721372264,156268.1,Canteen BMW: Traditional Beef Lasagna,Beef Lasagna,Main Dish- Entrée,9 oz portion,270.22,886721372264,6.43,162.2559396,YELLOW,438.448,22.718,28.887,7.878,28.514,"Kcal/100g: 162.2559396, Kcal: 438.448, Fat (g): 22.718, Carbohydrates (g): 28.887, Sugars (g): 7.878, Protein (g): 28.514","Recipe Canteen BMW: Traditional Beef Lasagna. Short name Beef Lasagna. Station Main Dish- Entrée. Portion 9 oz portion with weight 270.22 grams. Sell price 6.43 dollars. Color tag YELLOW. Kcal/100g: 162.2559396, Kcal: 438.448, Fat (g): 22.718, Carbohydrates (g): 28.887, Sugars (g): 7.878, Protein (g): 28.514."
food_310_11_886721414612,310.11,Canteen BMW: Cubed Steak,Cubed Steak,Main Dish- Entrée,1 serving(s),339.663,886721414612,6.43,177.7641368,YELLOW,603.799,23.971,30.944,2.84,62.347,"Kcal/100g: 177.7641368, Kcal: 603.799, Fat (g): 23.971, Carbohydrates (g): 30.944, Sugars (g): 2.84, Protein (g): 62.347","Recipe Canteen BMW: Cubed Steak. Short name Cubed Steak. Station Main Dish- Entrée. Portion 1 serving(s) with weight 339.663 grams. Sell price 6.43 dollars. Color tag YELLOW. Kcal/100g: 177.7641368, Kcal: 603.799, Fat (g): 23.971, Carbohydrates (g): 30.944, Sugars (g): 2.84, Protein (g): 62.347."
food_9013_6_886721414599,9013.6,Canteen BMW: Country Fried Steak with Gravy,Country Fried Steak,Main Dish- Entrée,2 each,353.652,886721414599,6.43,190.0,ORANGE,663.946,33.894,19.291,1.313,23.7,"Kcal/100g: 190.0, Kcal: 663.946, Fat (g): 33.894, Carbohydrates (g): 19.291, Sugars (g): 1.313, Protein (g): 23.7","Recipe Canteen BMW: Country Fried Steak with Gravy. Short name Country Fried Steak. Station Main Dish- Entrée. Portion 2 each with weight 353.652 grams. Sell price 6.43 dollars. Color tag ORANGE. Kcal/100g: 190.0, Kcal: 663.946, Fat (g): 33.894, Carbohydrates (g): 19.291, Sugars (g): 1.313, Protein (g): 23.7."
food_22582_886721109228,22582,Savannah Meatloaf,Savannah Meatloaf,Main Dish- Entrée,6 ounce,154.443,886721109228,6.43,190.0,ORANGE,292.496,16.336,15.643,4.496,19.894,"Kcal/100g: 190.0, Kcal: 292.496, Fat (g): 16.336, Carbohydrates (g): 15.643, Sugars (g): 4.496, Protein (g): 19.894","Recipe Savannah Meatloaf. Short name Savannah Meatloaf. Station Main Dish- Entrée. Portion 6 ounce with weight 154.443 grams. Sell price 6.43 dollars. Color tag ORANGE. Kcal/100g: 190.0, Kcal: 292.496, Fat (g): 16.336, Carbohydrates (g): 15.643, Sugars (g): 4.496, Protein (g): 19.894."
food_172245_194306382738,172245,Canteen BMW: Hanchenkeulen,Hanchenkeulen,German- Main,6 ounce,263.248,194306382738,7.0,250.067237,ORANGE,658.297,39.48,1.757,0.741,69.943,"Kcal/100g: 250.067237, Kcal: 658.297, Fat (g): 39.48, Carbohydrates (g): 1.757, Sugars (g): 0.741, Protein (g): 69.943","Recipe Canteen BMW: Hanchenkeulen. Short name Hanchenkeulen. Station German- Main. Portion 6 ounce with weight 263.248 grams. Sell price 7.0 dollars. Color tag ORANGE. Kcal/100g: 250.067237, Kcal: 658.297, Fat (g): 39.48, Carbohydrates (g): 1.757, Sugars (g): 0.741, Protein (g): 69.943."
food_172374_194306458051,172374,Canteen BMW: Rindsbraten,German Beef Roast,German- Main,12 ounce,340.194,194306458051,7.37,121.4727479,GREEN,413.243,16.039,16.924,7.292,47.82,"Kcal/100g: 121.4727479, Kcal: 413.243, Fat (g): 16.039, Carbohydrates (g): 16.924, Sugars (g): 7.292, Protein (g): 47.82","Recipe Canteen BMW: Rindsbraten. Short name German Beef Roast. Station German- Main. Portion 12 ounce with weight 340.194 grams. Sell price 7.37 dollars. Color tag GREEN. Kcal/100g: 121.4727479, Kcal: 413.243, Fat (g): 16.039, Carbohydrates (g): 16.924, Sugars (g): 7.292, Protein (g): 47.82."
food_172294_194306380024,172294,Canteen BMW: Schwenkbraten,Sckwenkbraten,German- Main,6 ounce,324.114,194306380024,7.37,184.2055573,YELLOW,597.036,45.42,10.396,3.344,42.571,"Kcal/100g: 184.2055573, Kcal: 597.036, Fat (g): 45.42, Carbohydrates (g): 10.396, Sugars (g): 3.344, Protein (g): 42.571","Recipe Canteen BMW: Schwenkbraten. Short name Sckwenkbraten. Station German- Main. Portion 6 ounce with weight 324.114 grams. Sell price 7.37 dollars. Color tag YELLOW. Kcal/100g: 184.2055573, Kcal: 597.036, Fat (g): 45.42, Carbohydrates (g): 10.396, Sugars (g): 3.344, Protein (g): 42.571."
food_158277_194306458068,158277,Canteen BMW: Hackbraten,Hackbraten,German- Main,6 oz portion,170.195,194306458068,7.37,197.6738447,ORANGE,336.431,20.689,8.433,1.142,27.59,"Kcal/100g: 197.6738447, Kcal: 336.431, Fat (g): 20.689, Carbohydrates (g): 8.433, Sugars (g): 1.142, Protein (g): 27.59","Recipe Canteen BMW: Hackbraten. Short name Hackbraten. Station German- Main. Portion 6 oz portion with weight 170.195 grams. Sell price 7.37 dollars. Color tag ORANGE. Kcal/100g: 197.6738447, Kcal: 336.431, Fat (g): 20.689, Carbohydrates (g): 8.433, Sugars (g): 1.142, Protein (g): 27.59."
food_5366_886721031529,5366,HC Kielbasa with Sauerkraut and Potatoes,"Kielbasa, Sauerkraut and Potatoes",German- Main,8 ounce,182.205,886721031529,7.37,201.9615269,ORANGE,367.984,30.862,14.122,2.385,10.568,"Kcal/100g: 201.9615269, Kcal: 367.984, Fat (g): 30.862, Carbohydrates (g): 14.122, Sugars (g): 2.385, Protein (g): 10.568","Recipe HC Kielbasa with Sauerkraut and Potatoes. Short name Kielbasa, Sauerkraut and Potatoes. Station German- Main. Portion 8 ounce with weight 182.205 grams. Sell price 7.37 dollars. Color tag ORANGE. Kcal/100g: 201.9615269, Kcal: 367.984, Fat (g): 30.862, Carbohydrates (g): 14.122, Sugars (g): 2.385, Protein (g): 10.568."
food_176001_194306911198,176001,Canteen BMW: Schinkennudeln,Schinkennudeln,German- Main,1 serving(s),320.531,194306911198,7.37,206.2530613,ORANGE,661.105,46.376,33.003,4.092,29.295,"Kcal/100g: 206.2530613, Kcal: 661.105, Fat (g): 46.376, Carbohydrates (g): 33.003, Sugars (g): 4.092, Protein (g): 29.295","Recipe Canteen BMW: Schinkennudeln. Short name Schinkennudeln. Station German- Main. Portion 1 serving(s) with weight 320.531 grams. Sell price 7.37 dollars. Color tag ORANGE. Kcal/100g: 206.2530613, Kcal: 661.105, Fat (g): 46.376, Carbohydrates (g): 33.003, Sugars (g): 4.092, Protein (g): 29.295."
food_179391_886721348498,179391,Canteen BMW: Senfbraten (Mustard Gravy Pork Roast),Senfbraten,German- Main,6 oz meat,155.955,886721348498,7.37,215.5224263,ORANGE,336.118,17.001,3.354,0.782,40.127,"Kcal/100g: 215.5224263, Kcal: 336.118, Fat (g): 17.001, Carbohydrates (g): 3.354, Sugars (g): 0.782, Protein (g): 40.127","Recipe Canteen BMW: Senfbraten (Mustard Gravy Pork Roast). Short name Senfbraten. Station German- Main. Portion 6 oz meat with weight 155.955 grams. Sell price 7.37 dollars. Color tag ORANGE. Kcal/100g: 215.5224263, Kcal: 336.118, Fat (g): 17.001, Carbohydrates (g): 3.354, Sugars (g): 0.782, Protein (g): 40.127."
food_179391_2_886721415442,179391.2,"Canteen BMW: Senfbraten, pork butt",Senfbraten,German- Main,6 ounce,179.669,886721415442,7.37,237.5017393,ORANGE,426.717,25.548,4.122,1.032,42.485,"Kcal/100g: 237.5017393, Kcal: 426.717, Fat (g): 25.548, Carbohydrates (g): 4.122, Sugars (g): 1.032, Protein (g): 42.485","Recipe Canteen BMW: Senfbraten, pork butt. Short name Senfbraten. Station German- Main. Portion 6 ounce with weight 179.669 grams. Sell price 7.37 dollars. Color tag ORANGE. Kcal/100g: 237.5017393, Kcal: 426.717, Fat (g): 25.548, Carbohydrates (g): 4.122, Sugars (g): 1.032, Protein (g): 42.485."
food_32229_18_886721415589,32229.18,"Canteen BMW: Chicken, Broccoli, Alfredo Penne","Chicken, Broccoli, Alfredo Penne",Italian- Entrée,18 oz portion,535.957,886721415589,8.31,113.5341081,GREEN,608.494,9.882,94.078,4.385,34.508,"Kcal/100g: 113.5341081, Kcal: 608.494, Fat (g): 9.882, Carbohydrates (g): 94.078, Sugars (g): 4.385, Protein (g): 34.508","Recipe Canteen BMW: Chicken, Broccoli, Alfredo Penne. Short name Chicken, Broccoli, Alfredo Penne. Station Italian- Entrée. Portion 18 oz portion with weight 535.957 grams. Sell price 8.31 dollars. Color tag GREEN. Kcal/100g: 113.5341081, Kcal: 608.494, Fat (g): 9.882, Carbohydrates (g): 94.078, Sugars (g): 4.385, Protein (g): 34.508."
food_49443_17_886721365846,49443.17,Canteen BMW: Cajun Chicken Pasta,Cajun Chicken Pasta,Italian- Entrée,18 oz portion,667.174,886721365846,8.31,113.3043254,GREEN,755.937,19.529,89.798,11.959,53.433,"Kcal/100g: 113.3043254, Kcal: 755.937, Fat (g): 19.529, Carbohydrates (g): 89.798, Sugars (g): 11.959, Protein (g): 53.433","Recipe Canteen BMW: Cajun Chicken Pasta. Short name Cajun Chicken Pasta. Station Italian- Entrée. Portion 18 oz portion with weight 667.174 grams. Sell price 8.31 dollars. Color tag GREEN. Kcal/100g: 113.3043254, Kcal: 755.937, Fat (g): 19.529, Carbohydrates (g): 89.798, Sugars (g): 11.959, Protein (g): 53.433."
food_4652_886721045182,4652,HC Penne with Sausage and Tomatoes,Penne with Sausage and Tomatoes,Italian- Entrée,18 ounce,509.914,886721045182,8.31,120.1981118,GREEN,612.907,23.883,68.963,14.877,28.031,"Kcal/100g: 120.1981118, Kcal: 612.907, Fat (g): 23.883, Carbohydrates (g): 68.963, Sugars (g): 14.877, Protein (g): 28.031","Recipe HC Penne with Sausage and Tomatoes. Short name Penne with Sausage and Tomatoes. Station Italian- Entrée. Portion 18 ounce with weight 509.914 grams. Sell price 8.31 dollars. Color tag GREEN. Kcal/100g: 120.1981118, Kcal: 612.907, Fat (g): 23.883, Carbohydrates (g): 68.963, Sugars (g): 14.877, Protein (g): 28.031."
food_1960_886721017677,1960,HC Chicken with Pasta and Broccoli,Chicken with Pasta and Broccoli,Italian- Entrée,18 oz portion,494.924,886721017677,8.31,126.6234816,YELLOW,626.69,14.437,71.641,5.279,51.519,"Kcal/100g: 126.6234816, Kcal: 626.69, Fat (g): 14.437, Carbohydrates (g): 71.641, Sugars (g): 5.279, Protein (g): 51.519","Recipe HC Chicken with Pasta and Broccoli. Short name Chicken with Pasta and Broccoli. Station Italian- Entrée. Portion 18 oz portion with weight 494.924 grams. Sell price 8.31 dollars. Color tag YELLOW. Kcal/100g: 126.6234816, Kcal: 626.69, Fat (g): 14.437, Carbohydrates (g): 71.641, Sugars (g): 5.279, Protein (g): 51.519."
food_153986_1_886721390992,153986.1,Canteen BMW: Veggie Baked Ziti,Veggie Baked Ziti,Italian- Entrée,18 ounce,510.291,886721390992,8.31,129.1533654,YELLOW,659.058,21.279,83.396,8.805,35.1,"Kcal/100g: 129.1533654, Kcal: 659.058, Fat (g): 21.279, Carbohydrates (g): 83.396, Sugars (g): 8.805, Protein (g): 35.1","Recipe Canteen BMW: Veggie Baked Ziti. Short name Veggie Baked Ziti. Station Italian- Entrée. Portion 18 ounce with weight 510.291 grams. Sell price 8.31 dollars. Color tag YELLOW. Kcal/100g: 129.1533654, Kcal: 659.058, Fat (g): 21.279, Carbohydrates (g): 83.396, Sugars (g): 8.805, Protein (g): 35.1."
food_15935_11_886721384878,15935.11,EUR: Whole Wheat Pasta Primavera,whole wheat pasta primavera,Italian- Entrée,16 ounce,453.592,886721384878,8.31,130.4355015,YELLOW,591.645,29.584,74.653,8.071,15.357,"Kcal/100g: 130.4355015, Kcal: 591.645, Fat (g): 29.584, Carbohydrates (g): 74.653, Sugars (g): 8.071, Protein (g): 15.357","Recipe EUR: Whole Wheat Pasta Primavera. Short name whole wheat pasta primavera. Station Italian- Entrée. Portion 16 ounce with weight 453.592 grams. Sell price 8.31 dollars. Color tag YELLOW. Kcal/100g: 130.4355015, Kcal: 591.645, Fat (g): 29.584, Carbohydrates (g): 74.653, Sugars (g): 8.071, Protein (g): 15.357."
food_23882_14_886721415565,23882.14,Canteen BMW: Beef Fettuccine Alfredo,Beef Fettuccine Alfredo,Italian- Entrée,18 oz portion,542.702,886721415565,8.31,133.295068,YELLOW,723.395,26.818,75.019,4.755,42.11,"Kcal/100g: 133.295068, Kcal: 723.395, Fat (g): 26.818, Carbohydrates (g): 75.019, Sugars (g): 4.755, Protein (g): 42.11","Recipe Canteen BMW: Beef Fettuccine Alfredo. Short name Beef Fettuccine Alfredo. Station Italian- Entrée. Portion 18 oz portion with weight 542.702 grams. Sell price 8.31 dollars. Color tag YELLOW. Kcal/100g: 133.295068, Kcal: 723.395, Fat (g): 26.818, Carbohydrates (g): 75.019, Sugars (g): 4.755, Protein (g): 42.11."
food_15931_15_886721009016,15931.15,Canteen BMW: Beef Ziti with Ricotta,Beef Ziti with Ricotta,Italian- Entrée,18 oz portion,556.775,886721009016,8.31,152.7723048,YELLOW,850.598,48.809,38.677,19.587,61.946,"Kcal/100g: 152.7723048, Kcal: 850.598, Fat (g): 48.809, Carbohydrates (g): 38.677, Sugars (g): 19.587, Protein (g): 61.946","Recipe Canteen BMW: Beef Ziti with Ricotta. Short name Beef Ziti with Ricotta. Station Italian- Entrée. Portion 18 oz portion with weight 556.775 grams. Sell price 8.31 dollars. Color tag YELLOW. Kcal/100g: 152.7723048, Kcal: 850.598, Fat (g): 48.809, Carbohydrates (g): 38.677, Sugars (g): 19.587, Protein (g): 61.946."
food_5706_1_886721417262,5706.1,Canteen BMW: Spaghetti with Italian Sausage,Spaghetti with Italian Sausage,Italian- Entrée,18 ounce,514.518,886721417262,8.31,162.0934545,YELLOW,834.0,115.175,382.996,52.314,141.595,"Kcal/100g: 162.0934545, Kcal: 834.0, Fat (g): 115.175, Carbohydrates (g): 382.996, Sugars (g): 52.314, Protein (g): 141.595","Recipe Canteen BMW: Spaghetti with Italian Sausage. Short name Spaghetti with Italian Sausage. Station Italian- Entrée. Portion 18 ounce with weight 514.518 grams. Sell price 8.31 dollars. Color tag YELLOW. Kcal/100g: 162.0934545, Kcal: 834.0, Fat (g): 115.175, Carbohydrates (g): 382.996, Sugars (g): 52.314, Protein (g): 141.595."
food_83067_8_886721414650,83067.8,Canteen BMW: Spaghetti and Meatballs,Spaghetti and Meatballs,Italian- Entrée,18 ounce,510.291,886721414650,8.31,161.6571721,YELLOW,824.922,35.223,85.979,10.116,39.976,"Kcal/100g: 161.6571721, Kcal: 824.922, Fat (g): 35.223, Carbohydrates (g): 85.979, Sugars (g): 10.116, Protein (g): 39.976","Recipe Canteen BMW: Spaghetti and Meatballs. Short name Spaghetti and Meatballs. Station Italian- Entrée. Portion 18 ounce with weight 510.291 grams. Sell price 8.31 dollars. Color tag YELLOW. Kcal/100g: 161.6571721, Kcal: 824.922, Fat (g): 35.223, Carbohydrates (g): 85.979, Sugars (g): 10.116, Protein (g): 39.976."
food_4697_886721044789,4697,HC Sausage and Pepper Pasta Supper,Sausage and Pepper Pasta,Italian- Entrée,18 ounce,514.518,886721044789,8.31,169.5390637,YELLOW,872.309,54.511,56.008,8.776,38.762,"Kcal/100g: 169.5390637, Kcal: 872.309, Fat (g): 54.511, Carbohydrates (g): 56.008, Sugars (g): 8.776, Protein (g): 38.762","Recipe HC Sausage and Pepper Pasta Supper. Short name Sausage and Pepper Pasta. Station Italian- Entrée. Portion 18 ounce with weight 514.518 grams. Sell price 8.31 dollars. Color tag YELLOW. Kcal/100g: 169.5390637, Kcal: 872.309, Fat (g): 54.511, Carbohydrates (g): 56.008, Sugars (g): 8.776, Protein (g): 38.762."
food_47744_10_886721393955,47744.10,Canteen BMW: Pizza Pasta - Sausage and Pepperoni,Sausage and Pepperoni Pizza Pasta,Italian- Entrée,18 oz portion,550.801,886721393955,8.31,173.0572385,YELLOW,953.201,32.242,121.232,10.218,40.724,"Kcal/100g: 173.0572385, Kcal: 953.201, Fat (g): 32.242, Carbohydrates (g): 121.232, Sugars (g): 10.218, Protein (g): 40.724","Recipe Canteen BMW: Pizza Pasta - Sausage and Pepperoni. Short name Sausage and Pepperoni Pizza Pasta. Station Italian- Entrée. Portion 18 oz portion with weight 550.801 grams. Sell price 8.31 dollars. Color tag YELLOW. Kcal/100g: 173.0572385, Kcal: 953.201, Fat (g): 32.242, Carbohydrates (g): 121.232, Sugars (g): 10.218, Protein (g): 40.724."
food_39762_2_886721414667,39762.2,Canteen BMW: Buffalo Blue Chicken Penne,buffalo blue chicken penne,Italian- Entrée,18 ounce,517.349,886721414667,8.31,,ORANGE,1041.988,46.036,108.071,3.715,49.555,"Kcal/100g: NA, Kcal: 1041.988, Fat (g): 46.036, Carbohydrates (g): 108.071, Sugars (g): 3.715, Protein (g): 49.555","Recipe Canteen BMW: Buffalo Blue Chicken Penne. Short name buffalo blue chicken penne. Station Italian- Entrée. Portion 18 ounce with weight 517.349 grams. Sell price 8.31 dollars. Color tag ORANGE. Kcal/100g: NA, Kcal: 1041.988, Fat (g): 46.036, Carbohydrates (g): 108.071, Sugars (g): 3.715, Protein (g): 49.555."
food_47744_12_886721414643,47744.12,Canteen BMW: Baked Ziti with Italian Sausage,Baked Ziti with Italian Sausage,Italian- Entrée,18 ounce,567.239,886721414643,8.31,212.6860107,ORANGE,1206.438,57.544,108.857,5.072,58.618,"Kcal/100g: 212.6860107, Kcal: 1206.438, Fat (g): 57.544, Carbohydrates (g): 108.857, Sugars (g): 5.072, Protein (g): 58.618","Recipe Canteen BMW: Baked Ziti with Italian Sausage. Short name Baked Ziti with Italian Sausage. Station Italian- Entrée. Portion 18 ounce with weight 567.239 grams. Sell price 8.31 dollars. Color tag ORANGE. Kcal/100g: 212.6860107, Kcal: 1206.438, Fat (g): 57.544, Carbohydrates (g): 108.857, Sugars (g): 5.072, Protein (g): 58.618."
food_147982_886721400530,147982,Canteen Pad Thai,Pad Thai,Asian- Entrée,9 ounce,255.146,886721400530,8.8,122.1520228,GREEN,311.666,10.972,37.951,13.474,17.791,"Kcal/100g: 122.1520228, Kcal: 311.666, Fat (g): 10.972, Carbohydrates (g): 37.951, Sugars (g): 13.474, Protein (g): 17.791","Recipe Canteen Pad Thai. Short name Pad Thai. Station Asian- Entrée. Portion 9 ounce with weight 255.146 grams. Sell price 8.8 dollars. Color tag GREEN. Kcal/100g: 122.1520228, Kcal: 311.666, Fat (g): 10.972, Carbohydrates (g): 37.951, Sugars (g): 13.474, Protein (g): 17.791."
food_10889_3_886721087786,10889.3,Yan-in-a-Bowl: Kung Pao Chicken with Peanuts,Kung Pao Chicken with Peanuts,Asian- Entrée,9 ounce,255.146,886721087786,8.8,145.5151168,YELLOW,371.276,21.964,25.761,13.826,20.111,"Kcal/100g: 145.5151168, Kcal: 371.276, Fat (g): 21.964, Carbohydrates (g): 25.761, Sugars (g): 13.826, Protein (g): 20.111","Recipe Yan-in-a-Bowl: Kung Pao Chicken with Peanuts. Short name Kung Pao Chicken with Peanuts. Station Asian- Entrée. Portion 9 ounce with weight 255.146 grams. Sell price 8.8 dollars. Color tag YELLOW. Kcal/100g: 145.5151168, Kcal: 371.276, Fat (g): 21.964, Carbohydrates (g): 25.761, Sugars (g): 13.826, Protein (g): 20.111."
food_86422_2_886721334224,86422.2,EUR: Gochujang Pork,gochujang pork,Asian- Entrée,9 ounce,240.295,886721334224,8.8,229.9207224,ORANGE,552.488,31.071,1.936,0.973,61.698,"Kcal/100g: 229.9207224, Kcal: 552.488, Fat (g): 31.071, Carbohydrates (g): 1.936, Sugars (g): 0.973, Protein (g): 61.698","Recipe EUR: Gochujang Pork. Short name gochujang pork. Station Asian- Entrée. Portion 9 ounce with weight 240.295 grams. Sell price 8.8 dollars. Color tag ORANGE. Kcal/100g: 229.9207224, Kcal: 552.488, Fat (g): 31.071, Carbohydrates (g): 1.936, Sugars (g): 0.973, Protein (g): 61.698."
food_135824_1_886721391210,135824.1,Canteen BMW: Pineapple Beet Poke Bowl,Pineapple Beet Poke Bowl,Vegetarian,1 serving(s),585.208,886721391210,8.91,88.78877254,GREEN,519.599,11.115,91.068,15.743,17.655,"Kcal/100g: 88.78877254, Kcal: 519.599, Fat (g): 11.115, Carbohydrates (g): 91.068, Sugars (g): 15.743, Protein (g): 17.655","Recipe Canteen BMW: Pineapple Beet Poke Bowl. Short name Pineapple Beet Poke Bowl. Station Vegetarian. Portion 1 serving(s) with weight 585.208 grams. Sell price 8.91 dollars. Color tag GREEN. Kcal/100g: 88.78877254, Kcal: 519.599, Fat (g): 11.115, Carbohydrates (g): 91.068, Sugars (g): 15.743, Protein (g): 17.655."
food_135826_194306517222,135826,Rooted: Indian Spiced Chickpea Bowl,Indian Spiced Chickpea Bowl,Vegetarian,1 serving(s),546.527,194306517222,8.91,95.82618974,GREEN,523.716,19.135,78.091,12.875,13.666,"Kcal/100g: 95.82618974, Kcal: 523.716, Fat (g): 19.135, Carbohydrates (g): 78.091, Sugars (g): 12.875, Protein (g): 13.666","Recipe Rooted: Indian Spiced Chickpea Bowl. Short name Indian Spiced Chickpea Bowl. Station Vegetarian. Portion 1 serving(s) with weight 546.527 grams. Sell price 8.91 dollars. Color tag GREEN. Kcal/100g: 95.82618974, Kcal: 523.716, Fat (g): 19.135, Carbohydrates (g): 78.091, Sugars (g): 12.875, Protein (g): 13.666."
food_140243_194306507605,140243,HC BBQ Rice Bowl,BBQ Rice Bowl,Vegetarian,1 serving(s),394.584,194306507605,8.91,98.74171279,GREEN,389.619,8.139,72.118,15.601,8.667,"Kcal/100g: 98.74171279, Kcal: 389.619, Fat (g): 8.139, Carbohydrates (g): 72.118, Sugars (g): 15.601, Protein (g): 8.667","Recipe HC BBQ Rice Bowl. Short name BBQ Rice Bowl. Station Vegetarian. Portion 1 serving(s) with weight 394.584 grams. Sell price 8.91 dollars. Color tag GREEN. Kcal/100g: 98.74171279, Kcal: 389.619, Fat (g): 8.139, Carbohydrates (g): 72.118, Sugars (g): 15.601, Protein (g): 8.667."
food_136285_7_886721415602,136285.7,Canteen BMW: Greek Grain Bowl,Greek Grain Bowl,Vegetarian,1 each,465.698,886721415602,8.91,114.6232108,GREEN,533.798,23.845,66.463,10.737,15.752,"Kcal/100g: 114.6232108, Kcal: 533.798, Fat (g): 23.845, Carbohydrates (g): 66.463, Sugars (g): 10.737, Protein (g): 15.752","Recipe Canteen BMW: Greek Grain Bowl. Short name Greek Grain Bowl. Station Vegetarian. Portion 1 each with weight 465.698 grams. Sell price 8.91 dollars. Color tag GREEN. Kcal/100g: 114.6232108, Kcal: 533.798, Fat (g): 23.845, Carbohydrates (g): 66.463, Sugars (g): 10.737, Protein (g): 15.752."
food_167341_1_886721415497,167341.1,Canteen BMW: Greek Chicken Salad,Greek Chicken Salad,Chef's Table,1 serving(s),540.417,886721415497,12.23,92.89604139,GREEN,502.026,28.322,17.766,10.65,47.319,"Kcal/100g: 92.89604139, Kcal: 502.026, Fat (g): 28.322, Carbohydrates (g): 17.766, Sugars (g): 10.65, Protein (g): 47.319","Recipe Canteen BMW: Greek Chicken Salad. Short name Greek Chicken Salad. Station Chef's Table. Portion 1 serving(s) with weight 540.417 grams. Sell price 12.23 dollars. Color tag GREEN. Kcal/100g: 92.89604139, Kcal: 502.026, Fat (g): 28.322, Carbohydrates (g): 17.766, Sugars (g): 10.65, Protein (g): 47.319."
food_42120_2_886721381464,42120.2,HC Lowcountry Shrimp and Grits,Lowcountry Shrimp & Grits,Chef's Table,1 each,318.778,886721381464,12.23,93.52401985,GREEN,298.134,13.912,24.182,3.782,16.046,"Kcal/100g: 93.52401985, Kcal: 298.134, Fat (g): 13.912, Carbohydrates (g): 24.182, Sugars (g): 3.782, Protein (g): 16.046","Recipe HC Lowcountry Shrimp and Grits. Short name Lowcountry Shrimp & Grits. Station Chef's Table. Portion 1 each with weight 318.778 grams. Sell price 12.23 dollars. Color tag GREEN. Kcal/100g: 93.52401985, Kcal: 298.134, Fat (g): 13.912, Carbohydrates (g): 24.182, Sugars (g): 3.782, Protein (g): 16.046."
food_30630_13_886721415480,30630.13,Canteen BMW: Strawberry Fields Chicken Salad,Strawberry Fields Salad,Chef's Table,1 each,455.407,886721415480,12.23,102.2371198,GREEN,465.595,26.81,20.861,11.643,40.564,"Kcal/100g: 102.2371198, Kcal: 465.595, Fat (g): 26.81, Carbohydrates (g): 20.861, Sugars (g): 11.643, Protein (g): 40.564","Recipe Canteen BMW: Strawberry Fields Chicken Salad. Short name Strawberry Fields Salad. Station Chef's Table. Portion 1 each with weight 455.407 grams. Sell price 12.23 dollars. Color tag GREEN. Kcal/100g: 102.2371198, Kcal: 465.595, Fat (g): 26.81, Carbohydrates (g): 20.861, Sugars (g): 11.643, Protein (g): 40.564."
food_88850_4_886721236542,88850.4,Canteen BMW: BBQ Chicken Salad,BBQ Chicken Salad,Chef's Table,1 each,528.422,886721236542,12.23,103.9423037,GREEN,549.254,25.261,41.731,17.295,41.922,"Kcal/100g: 103.9423037, Kcal: 549.254, Fat (g): 25.261, Carbohydrates (g): 41.731, Sugars (g): 17.295, Protein (g): 41.922","Recipe Canteen BMW: BBQ Chicken Salad. Short name BBQ Chicken Salad. Station Chef's Table. Portion 1 each with weight 528.422 grams. Sell price 12.23 dollars. Color tag GREEN. Kcal/100g: 103.9423037, Kcal: 549.254, Fat (g): 25.261, Carbohydrates (g): 41.731, Sugars (g): 17.295, Protein (g): 41.922."
food_106796_886721908111,106796,HC Cali Bowl,Cali Bowl,Chef's Table,1 each,379.536,886721908111,12.23,109.2117744,GREEN,414.498,16.293,58.56,13.457,13.827,"Kcal/100g: 109.2117744, Kcal: 414.498, Fat (g): 16.293, Carbohydrates (g): 58.56, Sugars (g): 13.457, Protein (g): 13.827","Recipe HC Cali Bowl. Short name Cali Bowl. Station Chef's Table. Portion 1 each with weight 379.536 grams. Sell price 12.23 dollars. Color tag GREEN. Kcal/100g: 109.2117744, Kcal: 414.498, Fat (g): 16.293, Carbohydrates (g): 58.56, Sugars (g): 13.457, Protein (g): 13.827."
food_12014_13_886721161332,12014.13,EUR: Brown Fried Rice,fried brown rice,Chef's Table,1 cup,222.736,886721161332,,78.42737591,GREEN,174.686,1.69,34.579,4.868,6.081,"Kcal/100g: 78.42737591, Kcal: 174.686, Fat (g): 1.69, Carbohydrates (g): 34.579, Sugars (g): 4.868, Protein (g): 6.081","Recipe EUR: Brown Fried Rice. Short name fried brown rice. Station Chef's Table. Portion 1 cup with weight 222.736 grams. Sell price NA dollars. Color tag GREEN. Kcal/100g: 78.42737591, Kcal: 174.686, Fat (g): 1.69, Carbohydrates (g): 34.579, Sugars (g): 4.868, Protein (g): 6.081."
food_56018_886721289975,56018,HC Savannah Red Rice,Savannah Red Rice,Chef's Table,1 cup,273.476,886721289975,,103.2767044,GREEN,282.437,0.954,62.231,8.463,6.538,"Kcal/100g: 103.2767044, Kcal: 282.437, Fat (g): 0.954, Carbohydrates (g): 62.231, Sugars (g): 8.463, Protein (g): 6.538","Recipe HC Savannah Red Rice. Short name Savannah Red Rice. Station Chef's Table. Portion 1 cup with weight 273.476 grams. Sell price NA dollars. Color tag GREEN. Kcal/100g: 103.2767044, Kcal: 282.437, Fat (g): 0.954, Carbohydrates (g): 62.231, Sugars (g): 8.463, Protein (g): 6.538."
food_4475_2_886721414490,4475.2,Canteen BMW: Adobo Chicken,Adobo Chicken,Chef's Table,6 oz meat,188.994,886721414490,,122.3028244,GREEN,231.145,10.785,3.019,0.647,31.558,"Kcal/100g: 122.3028244, Kcal: 231.145, Fat (g): 10.785, Carbohydrates (g): 3.019, Sugars (g): 0.647, Protein (g): 31.558","Recipe Canteen BMW: Adobo Chicken. Short name Adobo Chicken. Station Chef's Table. Portion 6 oz meat with weight 188.994 grams. Sell price NA dollars. Color tag GREEN. Kcal/100g: 122.3028244, Kcal: 231.145, Fat (g): 10.785, Carbohydrates (g): 3.019, Sugars (g): 0.647, Protein (g): 31.558."
food_6921_3_886721257042,6921.3,EUR: Marinated Flank Steak,marinated flank steak,Chef's Table,6 oz meat,272.937,886721257042,,167.0235256,YELLOW,455.869,29.369,7.203,2.605,39.852,"Kcal/100g: 167.0235256, Kcal: 455.869, Fat (g): 29.369, Carbohydrates (g): 7.203, Sugars (g): 2.605, Protein (g): 39.852","Recipe EUR: Marinated Flank Steak. Short name marinated flank steak. Station Chef's Table. Portion 6 oz meat with weight 272.937 grams. Sell price NA dollars. Color tag YELLOW. Kcal/100g: 167.0235256, Kcal: 455.869, Fat (g): 29.369, Carbohydrates (g): 7.203, Sugars (g): 2.605, Protein (g): 39.852."
